{"base_files_url": "https://raw.githubusercontent.com/davewongillies/MiSTer-speedtest/b272263cb3c08cfeaa115eb0b1a8b2450a47cefa/", "db_id": "davewongillies/MiSTer-speedtest", "db_url": "https://raw.githubusercontent.com/davewongillies/MiSTer-speedtest/db/db.json.zip", "files": {"Scripts/.config/speedtest/qrencode": {"hash": "98824e322da42b4c809821c4af439aff", "size": 72136, "tags": [19, 20, 21]}, "Scripts/speedtest.sh": {"hash": "83079701fd24de1f2461de1381ddd3a0", "size": 1404, "tags": [19, 20]}}, "folders": {"Scripts": {"tags": [19]}, "Scripts/.config": {"tags": [19]}, "Scripts/.config/speedtest": {"tags": [19]}}, "tag_dictionary": {"qrencode": 21, "scripts": 19, "speedtest": 20}, "timestamp": 1743898221}